[  
   {
      "id":1,  
      "name":"Biżuteria 001",
      "price":500,
      "available":15,
      "category":"new",
      "image":"https://upload.wikimedia.org/wikipedia/commons/8/80/Bi%C5%BCuteria_001.jpg",
      "attribution":"By Crawenlil (Own work) [CC BY-SA 4.0 (http://creativecommons.org/licenses/by-sa/4.0)], via Wikimedia Commons"
   },
   {  
      "id":2,  
      "name":"ACCESS 550",
      "price":700,
      "available": 15,
      "category":"sale",
      "image":"https://upload.wikimedia.org/wikipedia/commons/a/aa/ACCESS_550.jpg",
      "attribution":"By CLB (http://www.beuchat.com) [Public domain], via Wikimedia Commons"
   },
   {  
      "id":3,  
      "name":"Baume et Mercier Clifton Club Shelby Cobra 10344 watch",
      "price":"900",
      "available":20,
      "category":"sale",
      "image":"https://upload.wikimedia.org/wikipedia/commons/3/38/Baume_et_Mercier_Clifton_Club_Shelby_Cobra_10344_watch.jpg",
      "attribution":"By Baume et Mercier [CC BY-SA 2.0 (http://creativecommons.org/licenses/by-sa/2.0)], via Wikimedia Commons"
   },
   {  
      "id":4,  
      "name":"Accutron",
      "price":1200,
      "available":15,
      "category":"new",
      "image":"https://upload.wikimedia.org/wikipedia/commons/1/14/Accutron.jpg",
      "attribution":"By Tmtriumph (Own work (Original text: selbst erstellt)) [Public domain], via Wikimedia Commons"
   },
   {  
      "id":5,  
      "name":"Gallet multichron caledar 1948",
      "price":1800,
      "available":5,
      "category":"new",
      "image":"https://upload.wikimedia.org/wikipedia/commons/1/15/Gallet_multichron_caledar_1948.jpg",
      "attribution":"By Time Maven at English Wikipedia (Transferred from en.wikipedia to Commons.) [Public domain], via Wikimedia Commons"
   },
   {  
      "id":6,  
      "name":"Capeland watch",
      "price":3000,
      "available":30,
      "category":"sale",
      "image":"https://upload.wikimedia.org/wikipedia/commons/4/45/Capeland_watch.jpg",
      "attribution":"By Baume & Mercier [CC BY 2.0 (http://creativecommons.org/licenses/by/2.0)], via Wikimedia Commons"
   },{
      "id":7,  
      "name":"Gallet excel o graph 1965",
      "price":3000,
      "available":25,
      "category":"new",
      "image":"https://upload.wikimedia.org/wikipedia/commons/e/eb/Gallet_excel_o_graph_1965.jpg",
      "attribution":"By Time Maven at English Wikipedia (Transferred from en.wikipedia to Commons.) [Public domain], via Wikimedia Commons"
    },
    {
      "id":8,  
      "name":"Bracelet interchangeable",
      "price":2000,
      "available":10,
      "category":"sale",
      "image":"https://upload.wikimedia.org/wikipedia/commons/2/2c/Montre_%22Ma_premi%C3%A8re%22_et_son_bracelet_interchangeable.jpg",
      "attribution":"By Camillepoiray (Own work) [CC BY-SA 3.0 (http://creativecommons.org/licenses/by-sa/3.0)], via Wikimedia Commons"
    },{
      "id":9,  
      "name":"Gallet multichron rattrapante",
      "price":1500,
      "available":10,
      "category":"new",
      "image":"https://upload.wikimedia.org/wikipedia/commons/3/31/Gallet_multichron_rattrapante.jpg",
      "attribution":"By Time Maven at English Wikipedia (Transferred from en.wikipedia to Commons.) [Public domain], via Wikimedia Commons"
    },{
      "id":10,  
      "name":"Men Wristwatch",
      "price":2500,
      "available":10,
      "category":"sale",
      "image":"https://upload.wikimedia.org/wikipedia/commons/c/c1/First_use_of_wristwatches_by_men.jpg",
      "attribution":"By Joe Haupt [CC BY-SA 2.0 (http://creativecommons.org/licenses/by-sa/2.0)], via Wikimedia Commons"
    },{
      "id":11,  
      "name":"Poljot resized",
      "price":2000,
      "available":10,
      "category":"sale",
      "image":"https://upload.wikimedia.org/wikipedia/commons/4/4b/Poljot_resized.jpg",
      "attribution":"By Phrontis (Own work) [CC BY-SA 3.0 (http://creativecommons.org/licenses/by-sa/3.0)], via Wikimedia Commons"
    },{
      "id":12,  
      "name":"Pontiac Memodate",
      "price":2000,
      "available":10,
      "category":"new",
      "image":"https://upload.wikimedia.org/wikipedia/commons/7/7b/Pontiac_Memodate01.jpg",
      "attribution":"By Nummer vier (Own work) [Public domain], via Wikimedia Commons"
    }
]
